<?xml version="1.0" encoding="UTF-8" ?>
<Project>
    <ProjectInfo gkxmlVersion="1.2">
        <Title>Untitled</Title>
    </ProjectInfo>
    <Building sourceType="GPL" northAxis="0.000000">
        <EarthReferenceSystem type="WGS84">
            <altitudeMode>relativeToGround</altitudeMode>
            <Location>
                <longitude>126.977829</longitude>
                <latitude>37.56826019</latitude>
                <altitude>0</altitude>
            </Location>
            <Orientation>
                <heading>0</heading>
                <tilt>0.0</tilt>
                <roll>0.0</roll>
            </Orientation>
        </EarthReferenceSystem>
        <ExportOptions>
            <Item name="floorMerge" value="false" />
            <Item name="wallMerge" value="true">
                <MergeObjectTypes>WALL,CEILING,COLUMN,SLAB,SPACE,DOOR,WINDOW,STAIR,ELEVATOR,FACILITY</MergeObjectTypes>
            </Item>
        </ExportOptions>
        <Unit>centimeter</Unit>
        <DefaultBuilding>false</DefaultBuilding>
        <DefaultFloor>0</DefaultFloor>
        <Floors>
            <Floor id="0" name="1F" baseFloor="1" groupID="0" isMain="True">
                <FileSource name=".\Untitled_1F_0.sbm" type="SBM" />
                <BoundingBox minimum="-200.424820, 0.000000, -405.722229" maximum="411.625000, 300.000000, 0.000000" />
            </Floor>
        </Floors>
        <SpaceInfo>
            <Floor id="0" name="1F" longname="981531982" baseFloor="1" level="0.000000" />
        </SpaceInfo>
        <ObjectHierarchy>
            <Entity id="0" name="1F" type="Floor" longname="981531982">
                <Entity id="1" name="MERGED_0_LIBENT1_0" longname="" type="MERGED" />
                <Entity id="3" name="MERGED_0_LIBENT2_0" longname="" type="MERGED" />
                <Entity id="2" name="MERGED_0_LIBENT3_0" longname="" type="MERGED" />
                <Entity id="4" name="MERGED_0_LIBENT7_0" longname="" type="MERGED" />
            </Entity>
        </ObjectHierarchy>
    </Building>
</Project>
